timestamp,user_id,action
2024-05-16T20:28:10Z,84,view_page
2024-01-24T02:56:53Z,31,click_button
2024-05-18T06:46:22Z,85,click_button
2024-05-19T13:40:18Z,40,download_file
2024-04-02T11:35:41Z,70,download_file
2023-10-04T12:16:23Z,77,update_profile
2024-04-05T06:14:56Z,61,submit_form
2024-08-09T09:02:53Z,35,update_profile
2024-07-30T11:29:17Z,14,update_profile
2024-04-10T13:00:00Z,46,logout
2023-08-19T10:39:22Z,67,login
2024-05-25T12:32:01Z,73,view_page
2023-09-26T05:13:34Z,43,view_page
2024-05-01T14:46:20Z,25,create_account
2023-10-14T17:20:21Z,48,click_button
2023-09-30T10:10:18Z,62,create_account
2024-06-22T20:27:57Z,53,click_button
2024-05-05T17:16:48Z,93,submit_form
2023-10-07T00:15:39Z,24,update_profile
2023-12-28T20:02:53Z,45,submit_form
2024-08-01T21:32:10Z,72,update_profile
2024-06-28T01:35:52Z,86,login
2024-03-24T18:46:53Z,62,download_file
2024-03-14T12:11:32Z,82,search
2023-11-16T12:30:30Z,54,create_account
2023-09-27T14:16:11Z,97,click_button
2024-07-06T20:29:33Z,79,click_button
2023-11-14T03:06:53Z,97,search
2024-05-01T01:14:47Z,18,download_file
2023-09-30T03:12:22Z,33,search
2023-09-29T12:41:58Z,42,update_profile
2024-02-10T02:42:38Z,31,create_account
2024-01-04T18:40:43Z,41,click_button
2023-10-04T16:51:34Z,33,create_account
2024-07-14T23:52:50Z,14,create_account
2023-11-09T13:31:13Z,100,update_profile
2023-11-22T08:43:43Z,69,click_button
2023-12-10T23:22:54Z,97,submit_form
2024-04-18T16:58:27Z,39,download_file
2024-06-08T09:33:41Z,8,download_file
2024-02-07T09:39:08Z,72,download_file
2023-10-22T08:13:53Z,20,submit_form
2024-02-29T22:59:16Z,25,view_page
2023-10-11T04:00:18Z,55,search
2024-02-11T16:06:58Z,50,search
2023-10-06T10:43:26Z,59,download_file
2024-04-14T17:52:49Z,43,click_button
2023-10-02T18:37:13Z,14,search
2023-10-10T18:23:56Z,88,update_profile
2024-06-28T15:29:52Z,4,login
2024-05-31T23:37:19Z,27,view_page
2024-08-02T12:00:14Z,53,submit_form
2024-02-28T12:45:31Z,99,submit_form
2023-11-26T18:49:35Z,78,update_profile
2023-10-03T20:39:59Z,56,update_profile
2023-09-09T16:08:07Z,91,download_file
2024-03-29T15:14:38Z,21,login
2024-03-30T16:47:43Z,73,click_button
2023-11-29T10:48:25Z,43,login
2023-12-10T01:06:54Z,3,click_button
2023-09-16T21:43:01Z,73,create_account
2024-04-13T22:04:42Z,64,search
2024-05-19T21:42:54Z,96,logout
2024-01-15T11:43:14Z,77,view_page
2023-10-23T06:10:33Z,67,create_account
2023-10-28T09:33:02Z,43,click_button
2024-01-24T07:24:40Z,7,search
2024-02-05T07:43:29Z,35,submit_form
2024-05-20T08:17:02Z,12,update_profile
2024-01-31T11:22:53Z,97,download_file
2024-04-28T16:34:14Z,71,create_account
2023-08-29T08:59:24Z,58,search
2024-05-08T13:32:48Z,33,click_button
2023-11-05T16:39:17Z,87,login
2024-05-08T06:24:57Z,37,search
2024-05-29T06:20:46Z,87,login
2023-09-23T05:57:05Z,12,search
2024-06-09T11:20:33Z,27,view_page
2023-11-13T00:03:41Z,3,logout
2023-08-25T22:30:18Z,44,click_button
2024-05-13T18:06:36Z,49,download_file
2024-03-22T04:27:07Z,28,update_profile
2023-12-30T15:01:00Z,70,logout
2024-07-22T03:26:49Z,12,submit_form
2024-02-12T20:51:04Z,15,login
2023-11-08T19:01:29Z,99,logout
2024-01-19T21:33:27Z,9,login
2024-04-26T14:28:39Z,70,logout
2024-07-31T02:11:50Z,1,download_file
2024-02-20T16:03:52Z,46,click_button
2024-06-23T15:27:18Z,5,search
2024-07-11T19:27:05Z,19,download_file
2024-05-05T14:52:56Z,50,click_button
2023-12-09T21:33:27Z,76,submit_form
2023-09-05T19:45:57Z,42,create_account
2024-07-25T11:29:21Z,60,login
2024-07-14T14:40:46Z,92,view_page
2023-10-28T21:05:27Z,56,logout
2024-06-15T14:51:25Z,14,update_profile
2024-05-15T20:30:41Z,61,login
2023-10-17T07:45:00Z,49,logout
2024-06-28T20:45:39Z,100,click_button
2024-01-10T19:08:11Z,84,click_button
2023-09-29T11:33:29Z,52,update_profile
2024-07-04T23:57:39Z,40,submit_form
2024-03-01T08:07:27Z,75,update_profile
2024-04-20T16:02:37Z,38,update_profile
2024-05-29T05:29:04Z,85,submit_form
2024-04-20T07:23:33Z,45,logout
2024-08-14T11:24:18Z,26,create_account
2024-05-02T13:04:36Z,51,update_profile
2024-01-28T12:49:45Z,86,logout
2024-04-07T00:55:46Z,41,download_file
2024-05-16T11:10:05Z,36,search
2024-01-01T15:02:21Z,76,search
2024-06-09T05:52:11Z,58,download_file
2023-12-13T18:19:16Z,98,update_profile
2024-07-19T15:36:39Z,57,submit_form
2024-01-05T10:06:49Z,52,click_button
2024-05-08T06:59:19Z,100,logout
2024-04-28T12:11:57Z,87,logout
2024-06-14T10:27:30Z,24,login
2024-03-23T02:48:33Z,61,logout
2023-10-30T02:24:06Z,92,create_account
2024-08-09T08:57:26Z,13,update_profile
2024-06-23T10:10:38Z,64,search
2024-04-03T03:38:16Z,62,search
2023-12-04T07:58:25Z,77,search
2023-12-26T03:51:08Z,33,submit_form
2023-09-17T07:47:51Z,60,update_profile
2023-09-22T10:09:01Z,57,submit_form
2024-03-25T03:52:44Z,68,update_profile
2024-03-24T06:01:52Z,14,logout
2024-04-20T11:33:39Z,13,search
2024-01-31T09:03:31Z,19,create_account
2024-02-03T06:33:43Z,59,update_profile
2024-07-17T17:10:20Z,44,logout
2024-06-25T20:43:59Z,35,update_profile
2024-01-27T09:49:58Z,19,update_profile
2024-07-19T09:18:01Z,82,update_profile
2023-12-31T11:35:00Z,69,update_profile
2023-08-20T16:11:44Z,20,click_button
2024-07-22T15:31:15Z,31,update_profile
2024-05-05T01:48:19Z,74,update_profile
2024-06-15T03:42:43Z,56,update_profile
2024-04-14T22:20:35Z,38,create_account
2023-10-22T06:29:14Z,75,create_account
2024-04-26T22:44:51Z,72,login
2024-01-07T10:05:48Z,23,submit_form
2023-09-27T06:57:06Z,2,update_profile
2023-08-28T00:04:39Z,23,logout
2024-03-21T22:08:52Z,73,search
2024-02-08T07:23:25Z,48,submit_form
2023-08-18T04:24:38Z,60,view_page
2024-03-08T02:43:16Z,46,view_page
2023-10-13T15:03:03Z,34,update_profile
2024-04-25T10:35:01Z,61,submit_form
2023-11-15T17:07:11Z,60,click_button
2024-03-20T15:57:57Z,100,view_page
2024-05-24T09:23:51Z,34,download_file
2023-11-12T06:50:12Z,64,logout
2023-08-22T18:06:56Z,41,submit_form
2024-03-15T17:39:22Z,20,logout
2024-01-15T21:08:06Z,29,search
2023-10-17T07:11:33Z,77,login
2024-07-26T08:18:42Z,90,create_account
2024-01-21T19:49:51Z,77,download_file
2024-07-27T02:34:39Z,41,login
2024-04-02T23:34:08Z,58,search
2023-11-27T23:17:09Z,45,logout
2023-11-11T23:15:57Z,89,submit_form
2024-05-02T23:38:18Z,59,logout
2023-11-08T10:02:47Z,65,update_profile
2024-07-13T03:44:05Z,21,logout
2024-02-25T19:36:09Z,45,login
2023-08-28T22:34:21Z,73,create_account
2023-09-27T10:30:56Z,87,submit_form
2023-10-08T10:08:21Z,6,search
2024-06-05T08:14:19Z,10,download_file
2024-04-22T21:40:52Z,73,logout
2023-11-11T11:03:19Z,75,click_button
2023-11-26T20:35:14Z,78,click_button
2024-03-17T02:01:00Z,20,search
2023-11-02T20:23:07Z,48,logout
2023-09-09T22:16:30Z,79,download_file
2023-11-29T01:15:22Z,52,update_profile
2023-11-18T16:09:28Z,56,click_button
2024-05-19T07:44:42Z,48,view_page
2024-01-04T02:56:54Z,96,login
2023-10-05T09:48:53Z,89,create_account
2024-01-16T08:21:40Z,47,view_page
2023-12-02T04:39:41Z,63,submit_form
2024-04-12T17:11:42Z,56,create_account
2024-05-05T12:15:49Z,59,submit_form
2023-11-13T08:43:12Z,78,search
2023-12-27T05:56:27Z,5,logout
2023-09-19T18:03:15Z,25,update_profile
2024-03-21T13:10:25Z,25,login
2023-11-11T15:11:24Z,37,submit_form
2024-07-12T00:41:35Z,94,view_page
2024-06-07T04:23:48Z,43,create_account
2023-09-09T09:24:43Z,7,view_page
2024-01-22T19:29:07Z,44,logout
2024-01-08T18:26:55Z,92,download_file
2024-07-30T00:11:30Z,94,create_account
2024-01-03T05:20:24Z,64,view_page
2024-07-26T02:05:28Z,72,download_file
2024-05-04T05:42:56Z,92,logout
2024-03-07T10:49:50Z,52,logout
2024-05-04T00:19:11Z,61,login
2023-11-01T03:25:48Z,44,search
2023-11-17T01:52:20Z,92,download_file
2023-10-24T22:27:04Z,50,create_account
2024-07-04T05:02:09Z,21,view_page
2024-04-10T00:47:10Z,27,download_file
2023-11-04T13:58:19Z,5,click_button
2023-11-25T20:59:03Z,50,create_account
2024-03-09T19:31:42Z,2,view_page
2024-05-23T05:14:04Z,32,submit_form
2024-06-15T01:54:23Z,33,download_file
2023-12-04T06:56:50Z,55,update_profile
2023-11-12T06:30:50Z,95,logout
2023-10-28T18:44:59Z,87,logout
2024-04-09T03:09:43Z,87,create_account
2023-09-04T08:57:25Z,45,update_profile
2024-05-14T17:56:39Z,10,view_page
2024-07-25T17:53:59Z,44,download_file
2024-04-13T20:15:20Z,25,download_file
2023-12-18T09:26:30Z,34,download_file
2024-05-08T08:29:43Z,78,submit_form
2024-07-07T02:02:46Z,23,login
2024-06-26T04:39:13Z,53,search
2024-05-12T00:10:53Z,12,logout
2024-05-20T01:26:10Z,74,create_account
2023-12-26T13:21:08Z,32,search
2023-11-11T16:50:38Z,24,update_profile
2024-04-15T17:19:09Z,71,view_page
2024-03-21T23:03:49Z,71,search
2024-05-18T11:20:05Z,57,view_page
2024-04-05T03:54:39Z,15,view_page
2024-08-17T11:26:14Z,16,search
2024-02-16T13:52:31Z,86,click_button
2023-12-31T09:58:11Z,55,login
2023-10-30T17:07:52Z,84,login
2024-07-04T11:30:29Z,8,download_file
2023-09-15T06:01:23Z,29,logout
2023-10-13T07:26:17Z,97,click_button
2024-03-14T18:49:12Z,3,view_page
2024-01-10T18:53:52Z,99,logout
2023-09-05T08:15:00Z,73,create_account
2024-05-02T06:33:54Z,14,create_account
2024-04-26T16:21:22Z,41,download_file
2024-05-28T00:12:11Z,26,create_account
2023-08-22T13:41:35Z,38,view_page
2023-12-06T21:41:29Z,34,create_account
2024-07-13T20:49:07Z,15,search
2024-04-03T00:29:18Z,35,click_button
2024-07-28T01:42:59Z,63,login
2023-10-22T08:14:44Z,46,update_profile
2023-12-26T17:17:20Z,81,view_page
2024-07-01T07:31:30Z,90,download_file
2023-12-20T11:38:44Z,8,create_account
2023-12-26T10:10:19Z,73,view_page
2024-06-17T23:20:03Z,93,update_profile
2024-02-29T15:25:55Z,39,view_page
2023-10-18T22:01:25Z,77,download_file
2024-01-20T12:04:26Z,95,update_profile
2024-06-19T19:12:03Z,19,click_button
2024-08-13T12:28:09Z,66,search
2023-10-16T06:27:35Z,43,click_button
2024-07-24T18:05:29Z,13,search
2023-12-15T14:41:01Z,4,update_profile
2023-09-29T05:53:55Z,78,click_button
2024-02-13T20:56:54Z,74,submit_form
2023-11-29T19:18:31Z,84,click_button
2023-08-31T20:58:26Z,35,submit_form
2023-09-07T22:05:38Z,65,update_profile
2024-03-30T20:58:40Z,84,click_button
2024-02-06T14:58:25Z,58,update_profile
2024-07-17T14:42:45Z,88,search
2023-12-17T15:17:25Z,92,click_button
2024-07-22T06:47:07Z,60,view_page
2023-10-22T18:28:19Z,63,update_profile
2023-09-19T20:00:11Z,9,submit_form
2023-11-14T12:13:34Z,72,submit_form
2024-03-31T07:03:04Z,74,login
2024-04-14T01:10:58Z,99,view_page
2024-03-30T01:56:53Z,33,update_profile
2023-11-03T20:05:34Z,24,download_file
2024-08-09T10:35:05Z,24,download_file
2023-10-12T01:12:36Z,30,view_page
2024-06-20T15:29:37Z,52,submit_form
2024-04-24T03:10:05Z,55,submit_form
2024-08-11T23:11:31Z,92,login
2024-03-06T02:41:21Z,46,submit_form
2023-12-28T08:27:14Z,11,submit_form
2023-12-03T04:49:49Z,72,click_button
2024-01-06T09:55:14Z,5,search
2023-12-06T07:07:51Z,82,search
2024-07-08T23:50:57Z,7,create_account
2024-05-02T10:32:08Z,48,download_file
2024-02-05T17:20:26Z,75,logout
2023-12-02T16:16:09Z,63,submit_form
2023-09-03T14:41:41Z,14,click_button
2024-07-17T02:44:30Z,88,submit_form
2023-09-05T22:23:27Z,9,login
2023-08-27T07:45:44Z,94,login
2024-04-14T23:28:10Z,5,download_file
2024-03-25T13:30:45Z,67,search
2024-06-26T23:31:33Z,93,view_page
2024-03-08T02:42:22Z,57,download_file
2024-03-24T15:20:11Z,74,search
2023-08-22T07:20:54Z,57,create_account
2024-01-02T12:22:26Z,58,submit_form
2024-05-18T05:53:58Z,26,update_profile
2023-10-12T02:14:52Z,76,update_profile
2023-11-06T01:15:08Z,64,view_page
2023-08-25T11:57:15Z,40,download_file
2023-09-10T07:40:02Z,15,logout
2023-11-27T08:12:29Z,79,view_page
2024-05-30T02:05:16Z,36,logout
2023-10-06T21:11:29Z,39,download_file
2023-12-28T07:43:34Z,74,view_page
2024-04-04T04:59:14Z,90,click_button
2024-07-09T15:53:39Z,34,login
2024-04-01T02:20:24Z,5,click_button
2023-12-28T10:02:56Z,80,submit_form
2024-03-11T10:50:43Z,89,update_profile
2024-04-12T15:19:09Z,88,logout
2024-04-24T14:42:25Z,12,logout
2024-04-21T11:41:45Z,21,search
2024-07-02T11:37:30Z,32,view_page
2023-10-15T11:25:11Z,16,create_account
2023-10-24T06:30:38Z,88,update_profile
2024-05-28T08:33:41Z,84,download_file
2023-11-18T05:46:01Z,38,update_profile
2024-03-24T20:46:05Z,35,download_file
2023-09-21T18:35:09Z,11,download_file
2024-02-26T14:24:52Z,99,update_profile
2023-10-28T20:12:07Z,76,login
2023-10-15T01:46:00Z,2,click_button
2023-09-19T23:28:47Z,25,login
2024-05-26T00:24:12Z,38,submit_form
2024-05-16T16:31:12Z,55,view_page
2024-04-26T14:33:50Z,14,download_file
2024-01-09T03:19:50Z,39,click_button
2024-02-04T11:46:59Z,33,logout
2024-04-28T18:12:24Z,44,click_button
2024-06-17T22:33:10Z,7,click_button
2023-08-28T09:56:16Z,41,login
2024-02-17T23:11:55Z,32,submit_form
2024-04-11T01:47:51Z,76,download_file
2023-10-12T08:34:14Z,52,update_profile
2024-04-14T11:38:56Z,86,view_page
2024-02-17T06:51:26Z,81,create_account
2023-09-29T20:08:13Z,49,create_account
2024-03-21T01:11:35Z,85,search
2024-04-02T21:07:31Z,46,download_file
2024-04-15T00:51:24Z,4,submit_form
2024-02-13T06:13:16Z,1,login
2023-09-23T18:59:37Z,31,submit_form
2023-09-14T13:55:51Z,30,logout
2024-04-19T09:30:13Z,48,download_file
2024-01-06T09:27:30Z,55,login
2024-04-23T03:21:32Z,92,search
2024-05-05T19:26:14Z,7,search
2023-10-05T05:05:24Z,51,submit_form
2024-04-19T00:22:35Z,38,view_page
2024-01-14T15:53:31Z,77,view_page
2024-07-12T22:11:09Z,88,login
2024-05-24T12:38:34Z,19,logout
2024-04-10T01:09:31Z,6,view_page
2024-06-02T13:02:57Z,52,update_profile
2023-08-23T11:24:09Z,11,search
2024-01-01T02:31:36Z,44,update_profile
2024-04-21T07:16:53Z,71,download_file
2024-07-15T22:07:21Z,88,search
2023-10-07T10:05:48Z,92,submit_form
2024-01-31T19:50:36Z,70,login
2023-12-25T02:39:55Z,36,view_page
2024-02-19T07:30:03Z,89,create_account
2024-03-01T18:32:15Z,81,login
2024-02-05T19:39:38Z,36,search
2023-10-24T10:38:41Z,90,search
2023-10-16T15:08:45Z,71,submit_form
2024-07-16T01:21:07Z,48,view_page
2024-07-22T19:35:22Z,27,submit_form
2024-04-28T21:05:43Z,82,create_account
2024-01-01T07:19:39Z,87,create_account
2024-08-04T05:09:54Z,51,click_button
2024-04-01T10:25:25Z,64,search
2024-02-06T18:11:24Z,60,logout
2024-05-07T02:50:58Z,13,download_file
2024-05-04T20:12:42Z,70,login
2024-07-10T22:15:51Z,4,search
2024-04-28T13:17:39Z,69,click_button
2023-10-14T06:16:42Z,98,submit_form
2024-05-05T02:53:23Z,17,click_button
2023-09-07T15:37:47Z,92,update_profile
2023-10-24T07:06:47Z,23,create_account
2024-05-17T03:54:09Z,99,login
2024-08-10T16:49:14Z,69,search
2024-05-28T21:59:33Z,42,click_button
2023-09-13T19:31:18Z,41,submit_form
2023-10-03T03:11:06Z,50,create_account
2023-11-13T06:48:07Z,43,logout
2023-11-27T13:55:36Z,73,create_account
2024-07-26T23:25:48Z,27,logout
2023-12-09T14:13:53Z,58,create_account
2024-06-09T18:59:09Z,48,submit_form
2023-10-17T07:15:39Z,94,submit_form
2024-02-06T13:43:02Z,21,view_page
2023-10-03T00:22:02Z,4,search
2024-03-01T19:40:47Z,78,submit_form
2023-10-15T03:39:39Z,84,view_page
2023-10-29T07:38:02Z,20,view_page
2024-05-31T00:26:26Z,32,create_account
2023-12-02T06:45:07Z,68,submit_form
2024-06-22T16:57:57Z,98,create_account
2024-03-21T14:31:21Z,32,update_profile
2023-10-19T10:04:23Z,86,search
2023-12-25T11:33:09Z,43,create_account
2024-07-11T05:28:34Z,51,create_account
2024-03-29T11:25:18Z,61,view_page
2024-07-04T12:02:29Z,15,view_page
2023-10-31T02:38:03Z,1,submit_form
2024-03-24T02:07:28Z,45,click_button
2024-05-09T14:03:48Z,56,create_account
2023-10-30T02:50:13Z,40,login
2023-09-21T16:52:49Z,32,logout
2024-05-31T14:44:45Z,20,update_profile
2024-02-01T05:41:50Z,2,update_profile
2023-09-14T08:54:10Z,57,click_button
2024-01-16T10:02:19Z,57,search
2024-04-13T18:31:51Z,72,view_page
2024-07-16T04:10:49Z,77,update_profile
2023-09-20T14:00:41Z,88,view_page
2023-11-19T05:14:01Z,27,create_account
2024-04-13T02:03:20Z,69,view_page
2023-09-20T03:35:26Z,15,search
2023-12-22T01:50:23Z,67,update_profile
2024-02-20T20:14:53Z,74,create_account
2023-11-17T08:05:05Z,46,create_account
2024-04-04T09:41:03Z,56,search
2024-01-21T11:28:47Z,26,click_button
2024-07-30T19:38:11Z,64,view_page
2024-04-07T20:57:33Z,86,search
2023-12-29T15:08:41Z,57,update_profile
2024-05-26T12:16:35Z,35,download_file
2023-11-29T13:25:30Z,8,submit_form
2024-07-17T22:11:43Z,79,update_profile
2023-12-15T01:21:50Z,26,create_account
2023-09-04T17:44:25Z,92,search
2024-01-29T23:51:01Z,81,login
2023-11-01T04:35:33Z,2,logout
2024-01-26T16:28:26Z,77,view_page
2023-08-25T21:30:42Z,41,click_button
2023-09-29T09:01:39Z,94,update_profile
2023-09-18T01:57:26Z,1,click_button
2023-12-24T17:22:28Z,6,logout
2024-03-12T05:39:51Z,68,search
2024-02-12T06:41:53Z,99,logout
2024-01-29T01:33:34Z,13,view_page
2024-04-13T02:28:22Z,47,click_button
2024-03-10T20:47:03Z,51,submit_form
2023-11-16T09:52:58Z,51,submit_form
2023-10-15T21:39:39Z,32,download_file
2024-04-27T08:07:55Z,25,submit_form
2023-10-06T04:17:07Z,19,login
2024-02-23T07:50:31Z,99,view_page
2024-04-02T01:20:00Z,9,update_profile
2023-10-14T00:59:15Z,53,click_button
2024-01-11T00:31:11Z,66,download_file
2024-08-03T10:06:49Z,7,create_account
2024-01-30T10:53:06Z,43,view_page
2023-10-26T16:25:02Z,93,download_file
2024-04-13T08:17:31Z,51,download_file
2024-07-29T18:16:29Z,73,update_profile
2024-07-30T16:01:29Z,71,click_button
2024-06-06T13:13:04Z,11,login
2024-04-25T16:09:48Z,12,search
2024-06-27T11:13:28Z,98,download_file
2023-11-11T05:34:27Z,57,search
2024-04-02T05:42:48Z,22,update_profile
2024-01-12T14:25:56Z,36,search
2023-09-22T16:49:34Z,55,view_page
2023-09-04T18:41:34Z,22,login
2023-09-30T13:18:33Z,62,login
2024-07-14T13:30:01Z,13,download_file
2024-03-29T10:04:08Z,51,view_page
2023-11-24T11:45:47Z,20,update_profile
2023-08-19T15:23:38Z,73,download_file
2023-09-15T21:22:02Z,21,login
2024-07-01T07:31:12Z,7,submit_form
2023-10-04T10:53:28Z,80,create_account
2024-07-22T22:47:20Z,19,login
2024-02-01T07:01:10Z,74,logout
2024-02-22T16:01:34Z,41,submit_form
2023-09-26T11:32:00Z,43,view_page
2024-05-21T21:21:30Z,35,submit_form
2024-04-08T10:12:23Z,23,search
2023-09-08T06:22:51Z,86,logout
2024-01-04T18:24:05Z,45,create_account
2024-02-06T09:10:25Z,82,download_file
2024-06-05T10:06:55Z,32,create_account
2024-04-24T12:28:21Z,65,create_account
2024-03-02T21:24:59Z,64,click_button
2024-03-19T09:20:06Z,61,logout
2023-10-27T04:51:20Z,72,submit_form
2024-06-02T08:02:32Z,38,view_page
2023-09-01T06:39:17Z,25,click_button
2023-10-10T14:21:31Z,82,create_account
2024-06-01T10:28:19Z,77,search
2024-06-29T04:09:03Z,82,update_profile
2024-06-19T14:33:59Z,79,download_file
2023-11-27T11:15:32Z,5,create_account
2024-05-29T18:39:11Z,88,update_profile
2024-02-16T16:02:41Z,89,submit_form
2024-06-24T10:31:12Z,88,download_file
2024-04-04T09:23:29Z,10,logout
2023-09-27T07:39:44Z,85,login
2024-06-14T03:47:25Z,30,click_button
2023-09-10T22:53:07Z,92,download_file
2024-01-10T19:52:05Z,97,click_button
2024-02-19T02:20:41Z,97,download_file
2024-07-31T02:06:06Z,26,download_file
2024-07-14T10:42:32Z,86,create_account
2023-10-05T03:46:29Z,58,login
2023-11-16T19:46:19Z,28,login
2024-05-16T09:56:02Z,22,view_page
2024-03-02T06:52:21Z,25,logout
2023-12-18T09:12:35Z,62,update_profile
2024-03-15T23:39:45Z,85,submit_form
2023-12-13T04:03:27Z,2,view_page
2023-11-27T12:50:44Z,8,logout
2024-03-14T22:21:05Z,97,download_file
2024-03-06T14:23:27Z,96,search
2024-01-18T16:45:58Z,2,update_profile
2024-06-29T05:51:19Z,62,update_profile
2024-05-03T13:09:58Z,41,update_profile
2024-06-24T04:26:53Z,35,search
2023-11-04T03:17:03Z,64,submit_form
2024-08-05T11:19:56Z,87,create_account
2023-12-21T16:31:59Z,28,create_account
2024-03-14T17:29:20Z,54,logout
2023-09-04T12:50:56Z,90,update_profile
2024-08-04T18:51:17Z,68,create_account
2024-06-21T15:18:22Z,43,view_page
2024-01-01T03:40:59Z,6,click_button
2024-04-25T07:56:19Z,59,logout
2023-09-05T04:51:01Z,92,create_account
2023-12-24T20:51:24Z,97,update_profile
2023-08-23T13:41:55Z,19,login
2023-12-17T12:14:55Z,41,view_page
2024-06-16T15:44:07Z,89,create_account
2024-07-10T02:51:37Z,32,logout
2023-12-27T19:15:16Z,97,view_page
2023-09-09T05:49:16Z,88,click_button
2023-11-10T22:04:02Z,81,login
2023-11-02T06:11:38Z,95,logout
2024-05-23T04:51:04Z,52,update_profile
2023-11-01T08:52:34Z,99,search
2024-01-15T11:21:04Z,16,login
2024-05-14T18:39:29Z,27,view_page
2023-12-04T22:06:18Z,64,download_file
2023-12-20T16:32:31Z,86,logout
2023-08-23T21:15:54Z,92,logout
2023-11-04T18:52:41Z,49,login
2024-05-05T12:24:40Z,79,search
2024-01-06T09:40:23Z,56,submit_form
2023-10-03T23:06:30Z,25,create_account
2024-04-02T05:03:57Z,28,logout
2023-11-30T05:31:39Z,2,view_page
2024-06-30T13:18:30Z,33,click_button
2024-07-11T11:08:59Z,90,update_profile
2023-09-30T16:47:19Z,39,view_page
2023-09-11T02:18:31Z,95,create_account
2024-01-28T08:32:05Z,51,create_account
2024-04-01T10:32:03Z,15,submit_form
2024-05-14T22:45:11Z,18,login
2023-12-14T00:21:52Z,53,download_file
2023-10-04T10:23:36Z,66,update_profile
2024-04-20T14:32:51Z,30,update_profile
2023-08-29T15:00:44Z,90,create_account
2024-02-11T23:50:33Z,11,update_profile
2024-01-28T05:37:18Z,3,submit_form
2023-12-10T13:16:43Z,95,search
2023-12-04T04:02:28Z,26,login
2024-05-31T13:14:47Z,12,update_profile
2023-09-09T23:32:31Z,48,submit_form
2024-03-17T23:47:09Z,19,create_account
2023-11-07T08:44:08Z,55,view_page
2023-08-24T20:35:06Z,26,create_account
2024-01-15T08:34:43Z,96,create_account
2024-05-31T18:08:05Z,60,login
2023-10-31T22:49:14Z,98,logout
2024-02-17T14:27:03Z,33,logout
2023-10-19T09:04:27Z,75,logout
2024-07-06T20:02:14Z,89,logout
2023-11-07T15:58:52Z,76,view_page
2024-08-01T15:22:53Z,44,view_page
2023-09-08T14:09:39Z,100,download_file
2024-04-30T12:58:34Z,10,submit_form
2023-10-07T21:51:24Z,39,click_button
2023-12-14T09:11:10Z,12,download_file
2023-10-02T07:05:03Z,43,create_account
2024-07-05T09:15:41Z,95,logout
2024-07-28T14:41:13Z,70,view_page
2024-03-19T14:14:06Z,18,view_page
2024-06-26T08:38:51Z,24,update_profile
2023-11-19T12:20:47Z,100,logout
2024-04-23T08:43:23Z,38,create_account
2024-01-10T11:39:31Z,11,create_account
2024-02-28T11:52:54Z,6,submit_form
2024-03-08T04:02:37Z,84,click_button
2024-05-03T14:56:01Z,73,update_profile
2023-11-12T00:22:06Z,7,click_button
2023-12-12T21:31:23Z,33,update_profile
2023-12-02T02:11:03Z,75,create_account
2024-03-15T04:19:50Z,6,search
2024-06-21T02:25:40Z,8,download_file
2023-12-05T13:07:14Z,71,search
2024-07-10T06:11:25Z,33,click_button
2023-09-06T22:08:50Z,19,click_button
2024-07-22T20:31:45Z,92,create_account
2023-12-17T23:25:44Z,53,logout
2023-11-09T23:03:09Z,90,login
2024-03-24T04:44:14Z,27,login
2024-01-11T01:41:07Z,3,click_button
2023-12-02T16:32:32Z,57,search
2024-04-29T02:16:59Z,62,update_profile
2023-09-26T08:10:15Z,100,download_file
2023-11-02T00:35:04Z,89,download_file
2024-03-09T04:45:54Z,7,submit_form
2024-07-17T21:24:09Z,70,download_file
2024-01-06T00:29:58Z,20,logout
2024-05-01T16:46:25Z,69,create_account
2024-03-20T00:25:54Z,78,search
2023-12-02T13:38:43Z,53,submit_form
2024-03-31T03:43:47Z,57,create_account
2024-05-04T01:40:59Z,99,create_account
2024-08-09T12:38:20Z,10,view_page
2024-02-08T17:17:08Z,36,download_file
2024-01-10T11:42:07Z,64,create_account
2024-04-29T10:10:59Z,2,create_account
2024-06-28T02:03:04Z,72,download_file
2023-10-19T15:25:32Z,96,login
2024-05-21T11:46:44Z,43,login
2023-09-22T21:16:46Z,93,download_file
2024-07-09T11:44:27Z,68,logout
2023-12-31T23:17:05Z,35,click_button
2024-02-18T17:01:34Z,28,view_page
2023-11-27T17:04:25Z,86,search
2023-08-30T04:52:45Z,96,login
2023-12-25T09:59:52Z,48,create_account
2024-07-02T19:02:53Z,64,logout
2023-10-31T10:47:23Z,87,logout
2023-09-25T12:23:22Z,50,logout
2023-10-13T11:00:29Z,59,click_button
2024-01-26T03:32:59Z,37,search
2024-05-11T16:05:59Z,69,update_profile
2024-03-20T16:09:34Z,17,login
2024-04-26T08:26:56Z,100,view_page
2024-05-02T03:58:24Z,80,create_account
2024-02-20T19:54:08Z,37,click_button
2023-08-29T07:24:56Z,36,search
2024-04-29T22:49:32Z,33,logout
2023-09-19T17:20:05Z,87,download_file
2023-12-22T15:34:03Z,96,view_page
2024-06-30T20:25:50Z,84,click_button
2024-04-05T03:23:56Z,73,view_page
2023-11-28T22:25:43Z,55,view_page
2023-09-15T03:21:59Z,60,logout
2024-03-19T15:29:27Z,90,search
2024-07-10T07:31:56Z,74,login
2024-06-11T05:12:55Z,78,click_button
2023-10-27T07:15:57Z,73,create_account
2024-04-06T16:29:00Z,34,click_button
2023-12-01T13:29:24Z,16,download_file
2024-01-30T11:41:08Z,6,logout
2023-11-20T16:27:35Z,22,update_profile
2024-06-19T13:31:40Z,3,view_page
2024-02-25T15:17:38Z,24,view_page
2023-09-01T21:35:52Z,97,login
2024-03-15T12:43:48Z,77,login
2023-10-01T15:01:38Z,2,create_account
2024-08-11T18:34:01Z,22,logout
2024-08-12T04:37:04Z,14,click_button
2024-01-22T07:56:05Z,96,update_profile
2023-09-12T05:31:33Z,25,update_profile
2024-02-21T17:15:40Z,26,submit_form
2023-09-12T19:53:59Z,70,submit_form
2024-06-07T13:19:38Z,69,submit_form
2024-08-02T23:10:11Z,44,logout
2024-02-02T18:05:08Z,67,update_profile
2024-01-17T20:43:49Z,2,create_account
2024-03-23T20:55:34Z,60,search
2024-02-26T15:48:28Z,4,download_file
2024-01-28T14:29:55Z,4,submit_form
2024-04-16T23:05:18Z,11,login
2024-03-18T12:38:09Z,87,login
2023-11-20T00:04:54Z,60,login
2023-12-25T19:33:48Z,57,submit_form
2024-04-28T23:15:52Z,97,download_file
2024-02-01T14:57:41Z,55,update_profile
2024-04-29T04:17:45Z,56,create_account
2024-06-25T03:36:30Z,64,submit_form
2023-11-05T01:11:31Z,73,create_account
2024-05-20T02:02:12Z,39,submit_form
2024-07-12T16:08:48Z,85,login
2023-10-23T17:15:16Z,22,update_profile
2024-02-20T05:37:33Z,6,view_page
2024-01-30T18:11:28Z,25,logout
2024-07-23T20:26:21Z,18,search
2024-06-11T09:05:55Z,70,click_button
2023-08-21T18:09:21Z,19,submit_form
2024-08-08T09:04:00Z,50,login
2023-11-02T09:03:03Z,56,download_file
2023-09-21T20:46:53Z,39,update_profile
2024-02-27T01:42:32Z,32,view_page
2023-09-14T16:06:37Z,29,update_profile
2023-10-14T09:43:31Z,38,logout
2024-06-07T02:32:20Z,15,view_page
2024-04-16T07:16:55Z,87,submit_form
2023-09-23T00:28:15Z,27,view_page
2024-04-17T12:04:09Z,75,submit_form
2024-07-28T11:49:22Z,18,submit_form
2023-11-21T18:02:39Z,5,search
2024-04-28T22:04:02Z,72,search
2023-09-26T18:45:00Z,93,search
2024-06-02T21:14:42Z,64,update_profile
2024-05-12T21:13:39Z,10,view_page
2024-08-14T17:11:13Z,79,login
2024-01-12T06:21:24Z,51,download_file
2023-12-11T11:28:15Z,94,submit_form
2023-10-15T06:38:09Z,66,view_page
2024-06-27T05:19:03Z,88,view_page
2024-05-13T14:39:17Z,43,submit_form
2024-01-21T00:34:43Z,49,click_button
2023-10-23T04:13:52Z,67,click_button
2024-05-03T04:46:13Z,70,download_file
2024-06-02T21:27:00Z,15,submit_form
2023-12-04T09:38:17Z,89,view_page
2024-07-08T00:13:25Z,5,click_button
2024-05-06T01:00:22Z,34,search
2023-10-26T03:45:56Z,6,submit_form
2024-01-11T13:12:31Z,97,download_file
2024-05-09T18:51:55Z,35,download_file
2023-10-24T05:30:43Z,43,download_file
2024-04-06T02:00:06Z,11,search
2024-07-13T14:23:34Z,74,update_profile
2023-09-24T11:08:36Z,83,download_file
2024-02-05T18:54:56Z,87,update_profile
2024-08-17T20:05:02Z,22,create_account
2024-06-11T05:17:01Z,37,update_profile
2024-01-01T07:23:00Z,3,search
2023-11-22T21:00:23Z,10,login
2024-03-16T13:15:31Z,65,submit_form
2024-04-19T22:55:31Z,68,view_page
2024-06-28T02:30:40Z,90,click_button
2024-02-20T11:50:28Z,14,submit_form
2024-06-23T09:00:04Z,100,view_page
2024-05-17T00:47:40Z,43,download_file
2023-11-10T06:06:51Z,16,create_account
2024-06-07T01:23:10Z,40,submit_form
2024-08-03T17:02:12Z,100,click_button
2024-06-06T00:00:56Z,4,create_account
2024-02-07T18:44:15Z,74,download_file
2023-10-10T03:04:54Z,93,update_profile
2024-05-08T02:22:45Z,81,click_button
2024-03-02T04:12:20Z,37,download_file
2024-03-11T02:44:07Z,53,logout
2024-05-04T20:37:33Z,12,submit_form
2023-12-27T02:42:14Z,24,logout
2023-10-24T07:23:25Z,24,submit_form
2023-11-15T08:49:05Z,71,create_account
2023-10-17T19:30:00Z,80,view_page
2024-02-22T16:00:37Z,52,search
2024-05-03T12:17:40Z,48,submit_form
2023-10-30T18:27:41Z,74,click_button
2023-10-04T12:25:26Z,5,update_profile
2024-01-20T04:01:52Z,10,search
2024-03-27T01:52:32Z,38,create_account
2024-03-23T06:44:57Z,22,click_button
2024-06-12T19:47:44Z,53,search
2024-07-02T06:30:07Z,35,login
2023-09-13T08:08:14Z,49,create_account
2024-06-24T10:48:18Z,32,view_page
2024-02-03T13:13:07Z,42,click_button
2024-06-02T10:55:01Z,34,logout
2023-10-20T00:35:19Z,71,create_account
2024-06-15T04:58:20Z,54,search
2024-06-09T08:21:56Z,90,download_file
2023-12-12T00:35:57Z,28,logout
2024-07-17T18:25:18Z,41,logout
2024-04-05T01:57:05Z,23,logout
2024-02-10T21:03:42Z,70,download_file
2024-01-18T22:04:08Z,81,create_account
2024-07-15T22:52:24Z,71,update_profile
2024-07-20T05:35:40Z,31,view_page
2024-08-05T10:52:36Z,9,login
2024-01-19T13:35:09Z,45,view_page
2023-12-22T21:57:06Z,49,update_profile
2024-03-13T19:09:02Z,4,logout
2024-04-19T23:07:24Z,74,login
2023-09-18T03:50:38Z,73,download_file
2023-12-03T15:40:00Z,37,create_account
2023-09-19T18:59:41Z,55,download_file
2023-08-28T13:19:54Z,54,create_account
2024-05-06T02:25:51Z,39,logout
2023-10-17T13:00:02Z,8,create_account
2024-04-28T13:35:49Z,14,search
2023-08-21T04:17:53Z,40,search
2023-10-20T07:06:37Z,88,submit_form
2024-03-08T15:50:40Z,76,download_file
2023-10-21T16:24:06Z,23,submit_form
2024-02-13T22:43:49Z,40,update_profile
2023-12-15T00:37:49Z,50,download_file
2024-05-18T23:11:31Z,55,submit_form
2023-09-11T20:44:49Z,32,download_file
2024-02-25T12:35:13Z,59,download_file
2024-06-03T02:08:24Z,3,submit_form
2023-12-01T19:59:30Z,76,download_file
2024-02-26T14:48:22Z,83,download_file
2024-06-14T19:23:04Z,56,search
2024-06-07T14:17:07Z,70,logout
2024-04-23T13:55:11Z,38,download_file
2023-10-11T00:02:19Z,73,download_file
2024-03-28T21:32:23Z,37,search
2024-07-29T15:58:05Z,20,logout
2023-12-03T15:04:25Z,40,login
2023-12-12T10:35:33Z,100,click_button
2024-02-17T03:19:37Z,5,login
2023-09-10T02:14:00Z,11,view_page
2024-03-15T07:13:20Z,13,login
2023-11-18T21:59:30Z,37,submit_form
2024-01-12T23:05:51Z,16,search
2023-11-26T23:22:03Z,17,search
2024-03-15T11:15:29Z,83,view_page
2024-08-15T08:40:01Z,54,click_button
2024-05-17T08:50:31Z,79,submit_form
2024-05-16T00:16:33Z,1,login
2024-03-27T23:07:58Z,32,login
2024-06-22T11:24:55Z,93,submit_form
2023-12-28T05:29:27Z,63,create_account
2024-04-24T21:34:45Z,34,click_button
2024-01-17T21:03:28Z,19,login
2024-03-13T10:28:16Z,17,login
2023-10-11T22:06:10Z,78,logout
2023-10-30T19:25:42Z,22,search
2023-11-23T05:23:48Z,85,create_account
2023-11-10T05:40:35Z,90,click_button
2024-03-25T09:31:51Z,7,create_account
2024-02-10T03:53:20Z,43,update_profile
2024-08-16T00:31:19Z,100,login
2024-07-08T04:24:56Z,73,login
2024-07-13T16:07:17Z,66,update_profile
2024-01-01T22:33:29Z,74,download_file
2024-01-22T17:30:53Z,95,view_page
2024-02-05T16:24:01Z,90,login
2024-02-10T23:42:19Z,28,view_page
2023-11-21T02:10:23Z,43,login
2024-02-13T01:59:49Z,87,update_profile
2024-03-11T22:12:07Z,80,view_page
2024-01-09T06:51:44Z,93,search
2024-08-01T15:46:05Z,100,submit_form
2024-02-17T04:25:45Z,12,view_page
2024-05-07T19:29:39Z,46,search
2023-10-24T20:11:34Z,94,login
2024-03-22T16:49:09Z,58,submit_form
2024-06-21T16:06:21Z,56,create_account
2024-06-22T18:37:55Z,81,click_button
2023-12-19T15:48:57Z,71,download_file
2024-04-17T05:19:40Z,45,update_profile
2024-08-11T19:13:29Z,82,view_page
2024-05-05T07:16:11Z,49,view_page
2024-02-24T04:31:00Z,24,logout
2024-01-06T11:30:57Z,39,update_profile
2024-08-16T17:00:44Z,100,download_file
2023-09-27T08:01:55Z,32,login
2023-12-20T17:10:35Z,32,submit_form
2023-11-03T14:38:40Z,45,update_profile
2024-02-20T19:42:42Z,28,view_page
2024-08-04T00:02:24Z,33,login
2024-06-07T13:40:55Z,37,search
2024-01-29T03:54:31Z,34,download_file
2024-05-24T16:37:02Z,12,update_profile
2024-02-11T18:45:02Z,22,download_file
2023-12-20T01:14:04Z,44,create_account
2024-02-04T04:24:51Z,81,login
2023-09-17T21:43:32Z,63,search
2024-06-29T11:40:24Z,75,view_page
2024-01-02T18:43:39Z,81,view_page
2023-10-09T14:29:16Z,3,click_button
2023-09-19T08:27:07Z,64,view_page
2024-03-09T08:26:29Z,79,submit_form
2023-12-15T06:59:33Z,33,submit_form
2023-08-23T23:00:31Z,96,logout
2024-05-17T23:48:12Z,71,create_account
2024-03-15T23:00:21Z,99,download_file
2024-05-31T11:02:23Z,72,login
2023-10-22T18:19:57Z,46,view_page
2024-03-16T20:21:27Z,53,submit_form
2023-11-23T08:08:55Z,42,view_page
2023-10-11T22:21:28Z,2,create_account
2023-08-27T20:23:46Z,39,click_button
2024-08-15T16:48:27Z,29,search
2024-07-20T23:29:11Z,40,view_page
2024-04-28T14:39:17Z,76,create_account
2023-12-17T14:46:23Z,53,update_profile
2023-10-20T16:48:53Z,4,update_profile
2024-07-11T21:22:25Z,31,logout
2023-09-22T18:37:57Z,27,download_file
2023-10-18T20:29:38Z,27,submit_form
2024-01-29T11:40:11Z,65,click_button
2024-01-26T06:32:42Z,66,view_page
2024-03-09T20:55:26Z,13,login
2023-08-30T02:12:26Z,93,update_profile
2024-07-02T16:59:57Z,3,login
2023-11-19T21:35:20Z,44,submit_form
2024-02-01T20:29:11Z,8,click_button
2024-08-10T07:37:23Z,6,logout
2023-09-27T00:13:14Z,62,submit_form
2024-05-18T18:07:24Z,35,update_profile
2023-10-01T13:52:41Z,76,create_account
2023-09-17T09:04:53Z,75,create_account
2024-01-11T08:02:10Z,63,search
2023-10-21T19:15:11Z,69,update_profile
2023-12-18T19:10:18Z,31,login
2024-08-09T00:38:07Z,28,update_profile
2023-10-09T05:20:05Z,15,submit_form
2023-10-27T19:19:08Z,74,search
2024-06-04T07:58:13Z,66,create_account
2023-09-28T10:17:52Z,30,create_account
2023-11-07T04:51:57Z,36,login
2024-02-10T21:52:29Z,27,view_page
2024-08-08T10:58:20Z,50,create_account
2024-01-30T15:31:15Z,13,logout
2023-08-22T06:24:23Z,81,click_button
2024-07-09T13:01:06Z,58,submit_form
2024-03-02T19:03:39Z,28,submit_form
2023-11-16T04:07:38Z,65,submit_form
2024-05-02T05:50:29Z,70,click_button
2024-03-02T07:12:41Z,31,search
2024-03-03T17:46:38Z,100,login
2024-01-25T05:36:44Z,100,search
2023-12-23T02:18:26Z,21,create_account
2023-12-17T17:41:30Z,40,search
2024-01-17T11:25:46Z,85,download_file
2023-10-10T09:17:17Z,74,view_page
2024-03-19T13:09:50Z,59,view_page
2024-04-23T03:28:33Z,52,login
2024-03-07T14:19:00Z,65,logout
2023-09-09T16:27:07Z,42,create_account
2024-01-11T19:45:30Z,62,click_button
2024-06-01T15:41:34Z,13,create_account
2024-01-09T02:51:41Z,83,submit_form
2024-04-16T22:28:22Z,78,search
2024-07-19T17:39:12Z,49,click_button
2023-10-07T07:22:48Z,6,submit_form
2024-01-12T12:26:58Z,51,login
2024-02-14T10:34:37Z,21,login
2024-07-30T14:17:24Z,7,view_page
2024-04-20T00:38:52Z,43,click_button
2023-10-06T07:59:20Z,11,login
2024-02-28T00:02:47Z,54,view_page
2024-01-17T00:51:29Z,35,create_account
2024-02-26T00:25:55Z,13,search
2024-01-14T09:51:00Z,35,logout
2023-09-20T23:40:00Z,11,view_page
2023-11-13T22:33:06Z,26,download_file
2023-11-13T15:24:03Z,47,view_page
2024-04-27T19:08:10Z,68,submit_form
2024-05-11T00:24:42Z,7,update_profile
2023-11-10T18:40:15Z,45,search
2024-01-18T05:37:18Z,23,download_file
2024-04-20T18:40:43Z,60,logout
2024-05-27T16:13:17Z,70,logout
2023-10-07T03:19:13Z,4,download_file
2023-08-24T12:59:41Z,75,search
2023-12-03T05:53:11Z,91,click_button
2024-04-23T16:46:20Z,54,download_file
2023-10-14T20:38:55Z,84,update_profile
2023-09-04T11:15:36Z,30,download_file
2023-10-30T11:43:42Z,56,download_file
2023-10-07T03:54:23Z,67,submit_form
2023-08-27T13:50:21Z,98,logout
2024-08-14T05:58:50Z,30,search
2023-11-10T04:18:41Z,58,update_profile
2024-02-26T16:06:26Z,47,update_profile
2024-01-29T23:51:41Z,91,click_button
2024-05-03T03:20:37Z,94,view_page
2024-01-16T07:29:01Z,30,logout
2023-11-30T10:59:08Z,33,view_page
2024-07-13T08:07:43Z,41,view_page
2024-03-23T01:56:24Z,56,search
2024-01-31T17:19:43Z,52,logout
2023-09-22T16:42:17Z,48,view_page
2023-12-01T13:07:29Z,50,create_account
2023-09-24T17:41:40Z,84,click_button
