id,first_name,car_maker_id,create_date
1,Petronia,2,2023-11-15
2,Mellisa,1,2024-01-30
3,Edee,2,2023-08-23
4,Carmine,2,2024-06-19
5,Ronnie,5,2023-10-23
6,Nickolai,5,2023-12-01
7,Coralyn,4,2024-08-06
8,Suellen,1,2023-12-01
9,Aretha,4,2024-06-01
10,Chase,4,2024-01-21
11,Ibby,3,2024-06-06
12,Yanaton,4,2024-07-15
13,Marlena,2,2023-11-09
14,Ethelind,2,2024-07-10
15,Hurley,4,2024-07-12
16,Mattie,3,2023-09-12
17,Darrell,4,2023-10-21
18,Dedie,5,2024-04-09
19,Rockey,5,2024-07-31
20,Felizio,1,2023-11-22
21,Odella,4,2024-02-01
22,Therine,5,2023-10-16
23,Aksel,4,2024-06-20
24,Elita,4,2023-10-09
25,Caspar,1,2023-08-20
26,Hyacinth,4,2023-10-19
27,Arleta,5,2023-10-20
28,Maura,1,2024-02-20
29,Christi,4,2023-11-02
30,Gertrud,4,2024-05-05
31,Dillie,3,2024-03-10
32,Merrill,2,2024-05-12
33,Berri,4,2024-02-28
34,Bridie,4,2024-08-14
35,Noell,1,2024-01-15
36,Joli,5,2023-08-19
37,Hugh,2,2024-02-07
38,Timmy,3,2024-05-17
39,Orelie,3,2023-09-22
40,Gerrard,4,2023-12-13
41,Olimpia,1,2023-09-18
42,Alene,3,2024-01-29
43,Tedra,3,2023-10-07
44,Ardene,3,2024-04-25
45,Tamarah,2,2024-05-30
46,Fonzie,1,2024-02-29
47,Xymenes,3,2023-09-28
48,Clementine,5,2024-06-20
49,Willabella,4,2023-09-13
50,Morten,2,2024-06-13
51,Riki,5,2024-01-18
52,Ozzy,2,2024-01-14
53,Orazio,1,2024-07-30
54,Yoshiko,1,2024-05-12
55,Tawnya,3,2023-08-22
56,Andromache,2,2023-10-25
57,Georgina,3,2023-11-07
58,Sher,4,2023-11-15
59,Feodor,2,2023-08-27
60,Avie,3,2024-05-16
61,Alvy,3,2023-12-26
62,Kristy,1,2023-09-25
63,Kissie,3,2023-10-27
64,Michaeline,3,2024-02-05
65,Rosemary,1,2024-03-01
66,Alvin,4,2023-11-29
67,Melissa,2,2023-08-24
68,Udell,2,2024-06-09
69,Alameda,1,2023-11-10
70,Allene,1,2024-02-14
71,Wendeline,3,2023-10-08
72,Bondy,3,2024-01-26
73,Rainer,4,2024-07-04
74,Emmet,3,2024-03-28
75,Abeu,1,2023-09-22
76,Hermine,1,2023-09-17
77,Daniella,5,2024-04-11
78,Dolli,4,2023-09-06
79,Roxana,3,2024-04-28
80,Adelaida,4,2023-11-30
81,Dodi,4,2024-04-26
82,Elayne,5,2023-12-27
83,Mart,4,2024-04-04
84,Mallory,4,2024-04-02
85,Anetta,2,2024-05-27
86,Riordan,5,2023-12-29
87,Heloise,5,2024-06-22
88,Spenser,4,2024-01-23
89,Jacobo,3,2024-08-17
90,Chucho,2,2024-06-09
91,Vernon,4,2023-12-16
92,Guillemette,3,2023-10-04
93,Evonne,4,2023-12-31
94,Salim,4,2024-01-27
95,Hortense,5,2023-10-17
96,Andrea,2,2024-01-13
97,Christophe,3,2023-09-23
98,Renate,3,2023-12-14
99,Cortney,5,2023-10-23
100,Katherine,4,2024-06-13
101,Bronson,2,2023-09-09
102,Reid,1,2024-05-13
103,Ailina,5,2024-03-02
104,Maximilian,4,2024-07-12
105,Abagael,1,2024-07-17
106,Devy,1,2024-03-29
107,Win,3,2024-01-09
108,Ileana,2,2023-12-14
109,Mae,5,2023-11-18
110,Dom,2,2023-09-24
111,Harrietta,5,2024-03-27
112,Willamina,3,2024-03-12
113,Hebert,3,2024-04-25
114,Madelin,1,2023-09-06
115,Deena,2,2024-08-14
116,Hodge,2,2024-07-06
117,Vicki,3,2024-06-15
118,Julian,5,2024-04-24
119,Lise,2,2023-12-09
120,Wallie,4,2023-11-01
121,Cati,5,2024-02-03
122,Shirlee,1,2024-01-10
123,Tommie,3,2024-06-01
124,Fernanda,1,2024-04-12
125,Fayre,1,2024-07-01
126,Nikkie,4,2024-03-05
127,Elisha,5,2024-06-02
128,Rudyard,4,2023-12-29
129,Jackquelin,1,2024-05-27
130,Sayer,1,2023-10-22
131,Dannel,2,2024-02-25
132,Rycca,3,2024-03-26
133,Babette,2,2024-02-25
134,Lyndy,3,2024-03-05
135,Dolly,1,2024-06-21
136,Colene,5,2023-11-18
137,Katya,3,2024-01-05
138,Lise,4,2024-07-05
139,Dar,4,2023-12-25
140,Jackelyn,1,2024-01-31
141,Cori,4,2024-02-23
142,Lazar,2,2024-03-04
143,Tiler,1,2023-12-28
144,Harwell,1,2024-03-23
145,Heddi,4,2023-12-16
146,Dunn,4,2023-11-25
147,Adrien,3,2024-08-17
148,Krystalle,2,2023-09-27
149,Reid,5,2024-03-10
150,Petra,3,2024-06-28
151,Enoch,1,2023-12-16
152,Tudor,1,2024-01-03
153,Claudie,3,2024-01-14
154,Jandy,5,2023-10-09
155,Eziechiele,1,2023-09-02
156,Wilhelm,1,2024-01-08
157,Conant,3,2024-04-29
158,Zia,3,2023-11-07
159,Linette,5,2024-06-19
160,Noach,1,2023-10-28
161,Cori,3,2024-04-07
162,Traver,1,2024-03-26
163,Toddy,5,2024-03-06
164,Melesa,5,2024-08-04
165,Tedd,5,2023-11-29
166,Nona,3,2024-07-22
167,Devlin,5,2023-11-14
168,Essa,4,2024-02-25
169,Thadeus,1,2023-12-16
170,Gael,1,2024-02-17
171,Carver,1,2024-07-18
172,Stevy,3,2023-11-18
173,Ward,2,2023-09-09
174,Kimble,3,2024-03-28
175,Yvor,3,2024-02-24
176,Donnell,5,2024-02-04
177,Stephanus,1,2023-09-26
178,Jasmina,4,2023-12-14
179,Row,2,2024-07-14
180,Alta,1,2023-12-29
181,Stanly,5,2024-02-22
182,Phoebe,1,2023-12-31
183,Fabian,2,2023-11-21
184,Luigi,2,2023-09-05
185,Ferdie,4,2024-07-30
186,Shandeigh,1,2023-09-06
187,Lana,3,2023-11-16
188,Frasquito,2,2024-04-29
189,Fin,3,2024-01-17
190,Bartlett,4,2023-10-20
191,Bryan,4,2024-03-08
192,Jean,1,2023-08-21
193,Katey,1,2024-04-21
194,Glenna,3,2024-06-29
195,Ange,2,2023-12-30
196,Debera,5,2023-09-12
197,Randy,3,2024-08-15
198,Annabella,2,2024-02-18
199,Jake,1,2024-07-25
200,Tracey,4,2023-10-03
201,Olwen,5,2024-05-06
202,Hussein,5,2023-12-11
203,Antoine,5,2023-11-22
204,Cal,2,2023-11-16
205,Leigha,3,2023-12-28
206,Lanie,2,2023-09-27
207,Taylor,2,2023-12-07
208,Adele,3,2023-10-24
209,Sadella,5,2024-02-22
210,Linnet,3,2024-07-20
211,Diann,2,2023-11-10
212,Galven,2,2024-04-18
213,Randy,4,2023-11-30
214,Graeme,2,2024-04-21
215,Luciano,3,2023-11-10
216,Bertram,2,2023-10-09
217,Maribeth,5,2023-08-20
218,Aleece,4,2023-08-29
219,Lowe,1,2024-04-26
220,Baudoin,4,2023-12-31
221,Bessie,5,2024-02-18
222,Parnell,3,2024-07-07
223,Art,3,2023-12-29
224,Gaye,3,2024-04-11
225,Delinda,5,2024-06-03
226,Rob,3,2024-02-19
227,Isadore,2,2024-06-10
228,Andra,1,2024-01-11
229,Alfie,5,2024-07-04
230,Lenci,4,2023-09-11
231,Rodina,5,2023-12-09
232,Leese,4,2024-02-02
233,Paquito,4,2023-08-29
234,Cassie,4,2024-04-16
235,Belia,5,2024-03-05
236,Claybourne,4,2024-01-31
237,Caroljean,2,2023-09-16
238,Rory,5,2023-10-01
239,Putnam,2,2023-11-17
240,Thorin,4,2024-04-16
241,Maure,3,2024-03-26
242,Elden,5,2023-09-05
243,Gasper,4,2024-01-30
244,Chrysler,5,2023-12-13
245,Jacquenetta,4,2023-12-02
246,Coretta,3,2024-04-28
247,Charline,4,2024-04-27
248,Reginauld,1,2024-05-04
249,Adrianna,2,2023-12-26
250,Randall,1,2024-05-07
251,Thedric,5,2024-07-02
252,Nataline,3,2024-05-31
253,Jolie,5,2024-04-19
254,Nerti,5,2024-05-05
255,Sonnnie,1,2024-01-11
256,Ephrayim,5,2024-05-06
257,Putnam,5,2024-01-25
258,Wilmar,1,2024-05-02
259,Raven,2,2024-05-13
260,Wyn,1,2024-04-07
261,Clovis,2,2024-01-11
262,Archaimbaud,4,2024-07-07
263,Judon,5,2024-07-05
264,Stepha,5,2024-01-28
265,Sheela,4,2024-01-26
266,Dell,3,2023-09-27
267,Austine,3,2024-04-16
268,Adelice,3,2024-03-07
269,Chloris,4,2023-11-28
270,Marcellus,1,2024-08-09
271,Coleman,2,2024-05-21
272,Julius,5,2024-07-01
273,Kyla,4,2024-03-28
274,Sallie,4,2024-01-14
275,Leigh,4,2024-05-28
276,Rosamond,1,2024-05-12
277,Ruthie,3,2024-03-07
278,Bertram,5,2023-08-25
279,Morley,2,2024-03-03
280,Etti,3,2024-07-31
281,Eldon,3,2023-08-24
282,Buddie,3,2024-05-20
283,Will,5,2024-07-14
284,Vonni,3,2024-03-23
285,Billy,5,2023-11-05
286,Rock,5,2024-03-25
287,Sal,1,2023-12-12
288,Vito,1,2023-08-31
289,Cynthie,1,2024-04-09
290,Bertram,4,2023-12-04
291,Isahella,1,2024-03-20
292,Johnnie,1,2024-07-24
293,Hakim,1,2024-07-01
294,Clyve,3,2024-08-12
295,Lydie,2,2024-01-23
296,Marni,1,2024-01-25
297,Aloysius,2,2023-12-01
298,Avictor,4,2024-06-05
299,Mabel,1,2023-12-11
300,Tobit,3,2024-07-28
301,Nomi,2,2023-10-26
302,Emanuele,3,2024-07-04
303,Ardene,1,2023-09-27
304,Anna-diana,2,2023-10-06
305,Alberik,3,2024-08-06
306,Aubry,1,2024-06-24
307,Greggory,1,2024-03-10
308,Jacquenette,3,2023-09-27
309,Reggis,1,2023-08-18
310,Drusie,1,2024-01-13
311,Deeanne,5,2024-03-31
312,Brocky,4,2024-05-21
313,Keith,3,2024-02-10
314,Farrah,3,2024-04-04
315,Barthel,3,2024-08-08
316,Ives,2,2023-08-29
317,Almeria,5,2023-10-15
318,Stavro,3,2024-08-13
319,Cissy,1,2024-03-17
320,Lilly,1,2024-01-04
321,Quentin,3,2024-02-03
322,Ernaline,5,2024-08-17
323,Ethan,2,2024-01-24
324,Beth,2,2024-08-07
325,Edita,1,2024-08-13
326,Wood,1,2024-02-09
327,Adore,5,2023-11-24
328,Sephira,5,2024-04-03
329,Dorelia,1,2024-07-28
330,Roderick,2,2024-05-02
331,Christi,3,2024-01-29
332,Elvyn,3,2024-08-13
333,Dannye,2,2024-06-27
334,Leroi,1,2024-02-02
335,Elyn,5,2024-03-30
336,Kirsten,2,2023-09-30
337,Sammie,5,2024-01-11
338,Hadleigh,3,2024-08-05
339,Benjamen,2,2023-11-21
340,Anastassia,1,2023-10-01
341,Sebastien,3,2023-11-02
342,Feliks,4,2023-12-26
343,Johnath,5,2023-12-15
344,Lyndel,1,2023-11-23
345,Hewie,5,2024-08-15
346,Lorne,4,2023-12-27
347,Naoma,1,2023-09-15
348,Laurette,2,2023-12-21
349,Jennifer,4,2024-01-24
350,Forbes,4,2024-03-26
351,Olly,3,2024-08-01
352,Alie,3,2023-10-13
353,Ora,3,2023-08-24
354,Miguelita,2,2024-05-27
355,Selie,5,2024-01-01
356,Blinni,3,2023-12-13
357,Drew,4,2023-11-07
358,Starr,5,2023-10-11
359,Evita,1,2023-10-06
360,Morty,3,2024-04-29
361,Hayward,2,2024-06-07
362,Roxi,3,2023-09-16
363,Northrop,4,2024-07-11
364,Clyde,1,2023-10-29
365,Lauritz,1,2024-04-28
366,Horatia,1,2023-12-02
367,Dolf,1,2024-07-02
368,Gerhard,2,2023-09-12
369,Bary,3,2024-02-09
370,Vinny,1,2024-01-19
371,Paton,3,2023-12-17
372,Averill,1,2024-07-05
373,Phil,5,2024-01-07
374,Jeralee,2,2023-09-25
375,Brigham,4,2024-04-12
376,Kara,3,2024-01-13
377,Pattin,5,2023-10-07
378,Jeramey,5,2024-05-16
379,Letta,5,2024-07-01
380,Orly,4,2023-08-28
381,Roshelle,2,2024-03-30
382,Vincents,2,2023-09-14
383,Marigold,3,2023-08-29
384,Aldo,1,2023-12-30
385,Alysia,1,2024-07-19
386,Davida,3,2024-04-28
387,Reinald,5,2023-10-15
388,Torre,3,2024-05-04
389,Ulric,1,2024-01-03
390,Fletch,2,2024-03-17
391,Maegan,2,2023-12-25
392,Evey,1,2024-04-18
393,Quinlan,5,2023-11-25
394,Janela,3,2024-03-19
395,Patricio,4,2024-01-21
396,Drud,5,2024-06-16
397,Farrah,1,2023-09-04
398,Adrianna,5,2023-12-31
399,Iggy,4,2024-04-03
400,Enrique,1,2023-09-18
401,Walsh,3,2024-02-26
402,Alwin,5,2024-01-31
403,Odilia,4,2024-06-26
404,Florrie,3,2024-04-18
405,Padriac,5,2024-07-30
406,Urbano,3,2024-08-02
407,Clifford,5,2024-08-03
408,Winfield,1,2024-01-17
409,Marietta,1,2024-03-04
410,Mellisa,5,2024-02-19
411,Mela,3,2023-08-20
412,Lilyan,4,2024-02-17
413,Jacquelynn,3,2024-03-26
414,Ninon,5,2024-07-07
415,Lorrie,2,2024-01-27
416,Carlin,5,2023-12-22
417,Jules,4,2024-07-13
418,Calla,5,2024-01-21
419,Mikey,1,2024-02-06
420,Alphonso,1,2024-01-19
421,Cheslie,3,2024-01-23
422,William,2,2024-07-13
423,Ervin,5,2023-09-26
424,Trude,2,2024-07-13
425,Christi,4,2024-06-02
426,Thorpe,1,2024-06-19
427,Pierrette,3,2024-06-01
428,Alexia,1,2024-04-08
429,Maxim,3,2023-09-24
430,Salim,5,2024-03-30
431,Trudie,4,2023-11-04
432,Raddie,2,2024-08-02
433,Bertine,5,2023-11-15
434,Tabby,4,2024-02-10
435,Alick,2,2024-01-03
436,Romy,1,2023-11-28
437,Jacquenetta,2,2024-08-06
438,Nicoli,4,2024-05-16
439,Dar,2,2024-07-26
440,Albina,3,2024-03-21
441,Eberhard,3,2024-03-01
442,Mitchael,5,2024-05-28
443,Auberon,3,2024-08-05
444,Emmalee,2,2024-07-29
445,Theodoric,2,2023-11-05
446,Quinn,3,2024-08-16
447,Val,3,2023-11-06
448,Fay,5,2024-06-14
449,Stafani,3,2024-02-11
450,Saxe,5,2024-04-10
451,Rafe,3,2024-04-12
452,Rafferty,3,2024-03-21
453,Maurene,3,2023-12-29
454,Thurstan,4,2024-05-30
455,Ida,5,2024-01-14
456,Adelle,5,2023-10-02
457,Salmon,4,2024-06-11
458,Haley,4,2023-09-14
459,Brietta,1,2024-05-25
460,Irv,5,2023-12-29
461,Halsy,2,2024-04-02
462,Dido,5,2024-08-08
463,Irena,5,2024-03-27
464,Augie,5,2024-02-16
465,Cherida,1,2023-11-28
466,Katuscha,5,2024-06-17
467,Norby,3,2024-07-22
468,Arel,1,2024-05-27
469,Lianna,2,2024-04-16
470,Vernen,2,2023-09-24
471,Dix,4,2024-02-04
472,Josefina,4,2024-03-09
473,Rois,2,2024-03-24
474,Jenna,2,2024-05-28
475,Keefer,3,2023-08-26
476,Deonne,1,2023-12-07
477,Constancia,2,2024-06-09
478,Raynell,3,2024-05-18
479,Saunders,4,2023-09-06
480,Nye,5,2024-07-20
481,Phil,4,2024-02-22
482,Jessie,5,2024-07-28
483,Kristine,5,2024-03-21
484,Corey,2,2024-01-02
485,Mikael,1,2023-12-10
486,Olav,1,2024-05-13
487,Barry,3,2024-04-08
488,Nikola,3,2024-05-01
489,Gianna,2,2023-10-27
490,Marge,4,2024-02-12
491,Bjorn,2,2024-02-02
492,Vladimir,4,2024-07-30
493,Lilly,3,2023-09-02
494,Neil,3,2024-02-13
495,Ellis,4,2024-05-05
496,Candace,4,2023-12-02
497,Udell,1,2023-09-09
498,Sara-ann,1,2024-06-15
499,Windy,4,2023-11-26
500,Tailor,1,2023-08-20
501,Bertie,1,2024-01-04
502,Boycie,1,2023-08-31
503,Demetrius,4,2023-12-15
504,Clemence,5,2023-09-06
505,Jefferey,4,2023-09-10
506,Burnaby,4,2024-05-31
507,Clarey,3,2023-11-24
508,Dulcinea,3,2023-10-09
509,Phillip,3,2023-12-04
510,Solly,3,2023-10-12
511,Thor,1,2023-10-11
512,Robinia,2,2024-05-12
513,Korrie,2,2023-08-31
514,Jaclin,5,2024-07-03
515,Bertine,5,2024-08-17
516,Jocko,5,2023-11-19
517,Deidre,2,2023-09-01
518,Sisile,4,2023-11-26
519,Harli,3,2024-06-14
520,Kalle,5,2024-03-28
521,Elvyn,4,2024-05-07
522,Jessa,2,2024-03-02
523,Garvey,2,2023-10-28
524,Nathaniel,4,2023-08-18
525,Dodi,3,2023-11-07
526,Jo,1,2024-05-21
527,Sonni,2,2024-08-12
528,Clemmy,1,2024-04-24
529,Vitoria,2,2024-03-02
530,Etan,2,2024-07-09
531,Corny,4,2024-02-07
532,Joyce,2,2023-11-17
533,Galina,4,2023-11-19
534,Spike,5,2024-06-10
535,Davin,2,2024-04-21
536,Annalee,3,2024-07-24
537,Blithe,2,2024-07-13
538,Kareem,5,2023-10-16
539,Maud,1,2023-08-26
540,Mariya,5,2024-01-12
541,Yolande,4,2024-03-13
542,Archie,1,2024-05-04
543,Tiffy,3,2023-10-24
544,Torrin,4,2024-07-18
545,Aland,5,2023-10-30
546,Nealy,1,2024-06-08
547,Waylen,1,2024-06-11
548,Daron,2,2024-08-02
549,Ingelbert,4,2024-05-08
550,Elene,3,2024-03-30
551,Flss,2,2023-10-11
552,Hakim,1,2024-05-23
553,Sergent,4,2023-09-21
554,Clemente,4,2024-06-07
555,Gorden,2,2024-02-10
556,Nanice,3,2024-06-18
557,Harrie,2,2024-01-23
558,Jasmina,4,2024-03-17
559,Adeline,4,2024-04-12
560,Mikkel,3,2023-10-18
561,Bernadene,1,2024-01-28
562,Linnell,5,2023-12-16
563,Yvor,2,2023-10-18
564,Rhett,3,2024-01-14
565,Masha,4,2024-02-18
566,Buckie,4,2024-07-16
567,Danit,1,2024-01-18
568,Fidelio,5,2023-11-08
569,Giacopo,2,2024-07-31
570,Zulema,5,2024-06-02
571,Eba,1,2023-10-22
572,Mathe,1,2023-11-10
573,Brandais,2,2023-08-27
574,Sher,5,2024-04-26
575,Elyn,1,2024-08-13
576,Anallise,1,2023-12-11
577,Huberto,2,2024-05-23
578,Rube,3,2024-05-24
579,Tarrah,5,2024-03-07
580,Jolee,5,2024-03-10
581,Eustace,4,2024-05-13
582,Howie,2,2023-11-12
583,Mill,3,2024-05-29
584,Verina,3,2024-05-06
585,Gardener,2,2024-01-14
586,Rafi,3,2023-12-25
587,Lorraine,5,2023-12-21
588,Ritchie,1,2024-07-21
589,Manda,3,2023-11-30
590,Callean,3,2023-09-30
591,Franchot,4,2024-03-29
592,Garfield,4,2023-08-29
593,Arv,4,2024-01-14
594,Steffen,4,2023-09-01
595,Trefor,1,2023-09-09
596,Lesly,5,2024-04-23
597,Vallie,3,2023-11-03
598,Gerhardt,2,2023-11-06
599,Vivianna,1,2024-07-04
600,Roanne,3,2023-09-11
601,Sascha,5,2024-07-18
602,Pattin,1,2023-12-18
603,Codie,1,2023-12-25
604,Rosaline,3,2023-10-27
605,Lamond,3,2024-07-29
606,Gayle,2,2024-07-16
607,Michelina,4,2024-02-18
608,Aron,3,2023-08-26
609,Katya,3,2023-11-03
610,Pier,3,2024-06-02
611,Stefania,4,2023-12-28
612,Happy,4,2024-01-13
613,Zacharias,1,2024-04-29
614,Goran,1,2024-04-06
615,Dinnie,1,2024-05-13
616,Saree,1,2024-06-05
617,Benton,2,2024-07-10
618,Antonella,1,2023-11-29
619,Berni,2,2023-09-10
620,Cozmo,2,2023-12-14
621,Gusty,3,2024-06-11
622,Alyse,3,2024-02-12
623,Wylie,4,2023-10-18
624,Tressa,5,2024-03-29
625,Brand,4,2023-08-23
626,Palmer,1,2024-04-18
627,Bord,3,2024-01-10
628,Samantha,4,2023-12-24
629,Delila,5,2023-10-17
630,Shaun,1,2024-04-23
631,Sari,4,2024-04-04
632,Inga,2,2024-02-23
633,Mariele,2,2024-04-28
634,Rheta,2,2024-02-18
635,Sonny,4,2023-11-06
636,Georges,1,2024-03-24
637,Fidelio,2,2023-12-18
638,Reinaldos,1,2023-09-25
639,Nikolai,2,2023-10-02
640,Bailie,3,2023-12-29
641,Phelia,2,2024-04-02
642,Brittne,5,2023-10-24
643,Vinita,1,2023-12-22
644,Dan,3,2024-02-04
645,Evonne,1,2024-02-06
646,Tess,3,2023-09-06
647,Bill,2,2024-07-17
648,Henriette,5,2024-04-22
649,Graeme,5,2023-12-21
650,Roseanna,1,2024-05-30
651,Arvin,1,2024-03-23
652,Alasdair,1,2024-01-06
653,Caesar,2,2023-09-06
654,Edee,5,2023-11-04
655,Shari,3,2023-11-09
656,Guido,1,2023-11-20
657,Jo,2,2023-08-24
658,Paulette,3,2023-09-22
659,Rory,3,2023-09-10
660,Glenn,3,2024-07-13
661,Taddeo,2,2024-04-05
662,Clementia,5,2023-11-11
663,Aguste,5,2023-11-03
664,Clovis,1,2024-01-04
665,Bert,2,2024-03-11
666,Elnar,4,2024-05-07
667,Sandy,5,2023-08-22
668,Yetta,3,2023-12-24
669,Todd,5,2023-10-27
670,Cristen,5,2023-09-21
671,Koral,5,2024-03-15
672,Sigismund,3,2023-08-30
673,Shalne,4,2024-05-23
674,Kiersten,5,2024-06-23
675,Teddi,3,2023-09-08
676,Krispin,1,2024-03-11
677,Silvester,4,2023-12-26
678,Keslie,5,2024-06-14
679,Brietta,4,2023-11-08
680,Ginnifer,3,2023-12-04
681,Upton,3,2024-05-03
682,Monty,5,2024-04-26
683,Ardelle,5,2023-12-27
684,Emmit,2,2024-06-10
685,Darius,1,2024-02-28
686,Reina,4,2024-04-14
687,Jakob,1,2024-07-16
688,Brandtr,4,2024-08-03
689,Douglas,3,2024-03-02
690,Nettie,4,2024-07-28
691,Lionello,4,2023-09-17
692,Correy,4,2023-09-28
693,Abigael,1,2024-07-31
694,Emili,4,2023-12-03
695,Bill,5,2023-09-15
696,Kerstin,2,2024-07-25
697,Drusi,4,2023-10-12
698,Kalil,5,2024-02-15
699,Karoly,1,2024-07-04
700,Enoch,3,2023-09-18
701,Carlin,1,2023-10-23
702,Alicia,3,2024-07-27
703,Roma,4,2024-06-17
704,Doria,2,2023-09-05
705,Maynord,5,2024-03-20
706,Ernestine,2,2023-09-23
707,Constantino,4,2023-09-04
708,Emmye,1,2023-09-01
709,Van,2,2024-03-24
710,Nevin,3,2023-09-11
711,Stefania,5,2024-02-16
712,Nonah,4,2023-08-26
713,Maura,4,2023-09-05
714,Kerrie,4,2024-06-23
715,Allen,5,2024-06-30
716,Anthe,5,2024-01-11
717,Ceil,2,2023-09-26
718,Ash,5,2024-01-04
719,Adamo,5,2024-03-31
720,Gloriana,3,2024-06-01
721,Shari,2,2023-09-18
722,Carleen,3,2024-05-03
723,Fleurette,3,2024-07-13
724,Elfreda,3,2024-05-20
725,D'arcy,2,2024-01-29
726,Mirna,1,2024-08-15
727,Sheena,1,2024-07-09
728,Josy,2,2023-08-23
729,Rici,3,2023-12-20
730,Sophie,1,2023-08-25
731,Feodor,2,2024-04-05
732,Othilie,5,2024-07-07
733,Nichole,1,2024-07-11
734,Franny,3,2024-03-24
735,Alyosha,4,2024-07-04
736,Redford,4,2023-10-29
737,Simeon,1,2023-09-01
738,Sophi,4,2024-03-28
739,Sidney,2,2023-09-08
740,Afton,4,2024-03-04
741,Sandy,1,2023-09-02
742,Wilona,1,2024-03-20
743,Clim,3,2023-08-26
744,Shandra,5,2024-01-24
745,Bree,4,2024-07-22
746,Lorne,4,2024-03-31
747,Douglas,3,2023-09-29
748,Anetta,3,2024-04-26
749,Modestine,4,2024-04-20
750,Steven,3,2024-04-10
751,Shirlee,2,2024-05-28
752,Cullen,1,2024-03-12
753,Currie,4,2024-07-09
754,Laird,3,2024-05-02
755,Clifford,4,2023-12-26
756,Elysia,2,2023-09-15
757,Wyatan,2,2023-10-28
758,Yves,3,2024-01-23
759,Rikki,3,2024-01-17
760,Antonina,3,2024-02-22
761,Rodolph,1,2024-03-07
762,Cherin,2,2024-05-14
763,Kristine,5,2024-04-22
764,Jasmine,1,2023-08-29
765,Selig,4,2024-07-09
766,Peyton,4,2024-07-15
767,Trever,1,2024-06-07
768,Constancia,2,2024-04-05
769,Ogdan,2,2023-12-23
770,Orlando,4,2024-07-21
771,Zeke,5,2024-04-15
772,Sandi,2,2023-12-28
773,Valli,5,2024-06-14
774,Merrielle,5,2024-01-23
775,Althea,2,2023-09-22
776,Nelly,3,2024-06-24
777,Ricki,5,2024-03-09
778,Timothea,3,2023-10-07
779,Shirley,1,2024-07-22
780,Zonda,2,2023-09-20
781,Daffie,3,2024-02-14
782,Florry,3,2023-12-21
783,Siegfried,1,2023-12-21
784,Livvie,2,2024-02-18
785,Rosemarie,2,2023-12-15
786,Gerardo,5,2023-09-12
787,Cordi,1,2023-11-26
788,Saunderson,4,2024-07-10
789,Thekla,4,2024-05-29
790,Ibrahim,4,2024-05-14
791,Fanchette,2,2024-06-20
792,Pammie,5,2023-10-06
793,Olivero,1,2024-03-19
794,Sibyl,4,2023-10-16
795,Benoit,4,2024-01-28
796,Taffy,1,2023-11-01
797,Philbert,2,2023-12-08
798,Geri,1,2024-08-01
799,Adela,3,2024-04-27
800,Elsy,1,2024-02-22
801,Garnet,1,2023-09-18
802,Norby,4,2023-09-22
803,Mendel,3,2024-03-22
804,Salomone,2,2024-03-13
805,Kenton,3,2023-10-27
806,Arlyne,2,2024-01-13
807,Ysabel,3,2024-06-09
808,Dinny,4,2024-04-19
809,Beulah,2,2024-06-17
810,Loni,1,2023-10-03
811,Luella,2,2024-06-12
812,Fran,3,2024-05-03
813,Mauricio,3,2024-01-09
814,Velvet,5,2023-10-05
815,Nikolai,1,2023-09-03
816,Rand,1,2024-04-16
817,Fredrick,2,2024-04-29
818,Nikki,2,2024-02-10
819,Sheelagh,3,2023-10-27
820,Janith,3,2024-01-23
821,Arthur,3,2024-07-12
822,Kennett,4,2023-11-12
823,Carrol,2,2024-02-15
824,Jolie,1,2024-04-13
825,Laurene,4,2024-07-25
826,Mahmud,4,2024-03-21
827,Adorne,1,2024-07-25
828,Audre,2,2024-07-15
829,Arlena,2,2024-07-30
830,Annette,2,2024-04-25
831,Brynna,3,2024-08-06
832,Culver,2,2024-04-22
833,Dimitri,1,2024-04-17
834,Denny,1,2024-04-27
835,Kitti,5,2024-03-05
836,Laughton,4,2024-06-06
837,Rawley,5,2024-01-17
838,Bernadene,4,2024-08-10
839,Gabriell,4,2024-03-25
840,Jerrine,5,2024-08-17
841,Ryon,1,2024-08-15
842,Kamila,3,2024-02-06
843,Cosimo,1,2024-03-24
844,Maximilian,3,2024-05-19
845,Desiree,4,2023-12-15
846,Roselia,3,2023-11-14
847,Milt,5,2024-06-06
848,Martie,4,2024-03-12
849,Bernardina,2,2023-11-01
850,Marinna,1,2023-10-19
851,Theo,1,2024-06-16
852,Nanon,5,2023-10-23
853,Kip,2,2023-12-23
854,Colene,2,2024-04-10
855,Winny,4,2023-10-09
856,Sella,1,2024-04-19
857,Mitzi,2,2024-01-28
858,Cyrille,4,2024-04-03
859,Anastassia,3,2024-02-17
860,Edsel,3,2024-04-01
861,Viole,4,2024-07-06
862,Cody,3,2024-03-07
863,Lorry,2,2024-01-22
864,Lauralee,3,2024-07-24
865,Austin,3,2024-07-13
866,Tiff,4,2024-01-24
867,Corri,1,2024-08-04
868,Laurent,2,2024-03-09
869,Damaris,1,2024-08-15
870,Kissiah,1,2023-09-14
871,Nanice,5,2023-08-31
872,Gilbertine,4,2024-03-18
873,Ambrosio,5,2024-04-30
874,El,2,2023-12-23
875,Leesa,3,2024-04-20
876,Willard,4,2024-06-10
877,Alicia,1,2024-05-27
878,Ainslee,1,2024-08-07
879,Fraser,2,2024-07-19
880,Andrea,3,2024-06-06
881,Dorrie,3,2024-05-15
882,Osbourne,1,2024-04-26
883,Donielle,2,2023-11-30
884,Suki,5,2024-02-28
885,Early,1,2023-12-15
886,Brand,4,2024-05-09
887,Jen,2,2023-09-21
888,Virgie,1,2023-09-24
889,Coral,4,2024-01-26
890,Trudy,2,2023-12-06
891,Bronnie,4,2024-01-02
892,Vittorio,2,2024-06-07
893,Elvera,3,2023-11-01
894,Edie,2,2024-06-02
895,Florri,4,2024-02-01
896,Beniamino,3,2023-11-14
897,Sybyl,2,2024-08-12
898,Yolanda,3,2023-10-17
899,Danny,1,2024-06-15
900,Tootsie,1,2023-09-14
901,Lucius,4,2024-06-19
902,Scotti,2,2024-06-27
903,Ola,4,2023-08-23
904,Base,2,2023-12-12
905,Shari,1,2023-10-08
906,Cathrine,3,2023-12-22
907,Nefen,1,2023-10-13
908,Kienan,4,2023-12-16
909,Joelynn,1,2024-05-18
910,Derron,5,2024-04-10
911,Clarey,4,2024-02-15
912,Elspeth,3,2024-06-23
913,Gabbie,2,2024-07-03
914,Elizabeth,1,2023-12-16
915,Inessa,5,2023-09-16
916,Baxie,3,2024-07-28
917,Mariska,5,2023-12-17
918,Riccardo,4,2023-09-04
919,Stephi,5,2024-06-21
920,Eugenie,3,2023-09-09
921,Greer,4,2024-04-29
922,Kordula,4,2024-04-17
923,Lon,5,2023-10-08
924,Kamillah,5,2024-03-24
925,Diane-marie,1,2023-12-09
926,Luigi,3,2024-04-15
927,Job,3,2024-02-03
928,Trey,1,2024-03-10
929,Adlai,2,2024-06-08
930,Isaac,5,2024-02-13
931,Paolina,4,2024-01-03
932,Lexine,2,2024-03-02
933,Kain,1,2024-08-08
934,Berry,1,2023-10-04
935,Dud,3,2024-01-03
936,Emmaline,2,2024-03-09
937,Laurel,3,2024-04-18
938,Dolly,4,2024-01-19
939,Peta,2,2023-10-28
940,Whitney,2,2023-12-22
941,Katti,1,2024-01-01
942,Reine,2,2023-12-29
943,Anne-corinne,5,2023-09-16
944,Giselbert,5,2024-02-25
945,Yalonda,3,2024-03-21
946,Fran,5,2024-03-02
947,Raul,3,2023-09-22
948,Millard,5,2023-09-19
949,Lenci,4,2024-04-15
950,Magdalene,4,2023-11-26
951,Leo,5,2023-11-09
952,Jenifer,3,2024-04-07
953,Donni,1,2023-12-10
954,Afton,5,2024-03-26
955,Blair,4,2024-02-21
956,Casandra,5,2023-09-17
957,Colene,2,2024-02-12
958,Melosa,1,2023-08-25
959,Marwin,5,2024-07-13
960,Iago,4,2024-07-18
961,Karrah,4,2024-01-14
962,Philomena,3,2024-07-01
963,Iolanthe,3,2023-11-24
964,Hube,2,2024-03-01
965,Chery,2,2023-12-23
966,Uta,2,2024-05-09
967,Hieronymus,4,2023-12-10
968,Carlyn,2,2023-11-16
969,Alfonso,1,2024-03-20
970,Colette,1,2024-07-23
971,Roxy,3,2023-11-20
972,Haywood,2,2023-10-01
973,Joni,1,2024-02-13
974,Yancy,1,2024-07-28
975,Cecil,4,2023-09-30
976,Yalonda,2,2023-11-25
977,Nicolais,1,2024-04-03
978,Cherey,3,2023-09-14
979,Muhammad,2,2023-12-28
980,Else,3,2023-08-25
981,Brice,5,2024-06-10
982,Sheffield,3,2023-12-27
983,Ivor,5,2024-02-04
984,Hinze,2,2023-12-30
985,Monty,3,2024-05-06
986,Saundra,1,2024-03-13
987,Wenda,1,2023-09-07
988,Ennis,5,2024-06-26
989,Ugo,5,2024-04-17
990,Ganny,2,2024-08-02
991,Phip,5,2024-06-09
992,Clementine,2,2023-11-25
993,Wernher,4,2024-02-17
994,Zara,4,2024-01-28
995,Lynelle,4,2023-09-17
996,Celle,5,2023-12-17
997,Alikee,5,2023-09-30
998,Wilfred,2,2024-02-24
999,Daphene,5,2024-05-06
1000,Corinne,1,2024-05-12
